category,desc,price,rating,user
cartoon,I will create a cartoon avatar or cartoon character of you,1156,4.9,185
cartoon,"I will draw a cartoon logo, mascot, character",2311,4.9,983
cartoon,I will design custom mascot and cartoon character,1541,4.9,82
cartoon,"I will draw a cartoon character, portrait and logo from your photo",2311,4.9,311
cartoon,I will draw cartoon illustration in my style,3081,5,150
cartoon,"Our studio will do unique mascot, character or cartoon logo",11554,5,3
cartoon,I will do cartoon caricature for you,2311,5,837
cartoon,I will turn your picture into a cartoon illustration,771,4.9,36
cartoon,"I will draw a custom cartoon character, an animal mascot logo",1926,5,147
cartoon,Our studio will design minimal or cartoon logo and business card,7703,4.9,8
cartoon,I will draw cartoon vector portrait with your face,771,4.9,88
cartoon,I will design mascot cartoon logo,1926,4.9,503
cartoon,"I will draw cartoon characters for comics, newspaper or blog posts",1541,5,320
cartoon,I will draw cute cartoon portrait based on your photo,1926,4.9,165
cartoon,I will design custom cartoon and mascot character,4237,5,359
cartoon,I will draw portrait avatar cartoon from photo,386,4.9,61
cartoon,I will draw you in rick and morty cartoon caricature,771,5,256
cartoon,I will make a cartoon caricature of you,771,4.9,1k+
cartoon,I will create your picture into cartoon,1926,5,384
cartoon,I will create cartoon character and mascot design,1926,4.8,19
cartoon,I will draw you in any popular tv cartoon style,1156,5,19
cartoon,I will cartoonize it just give it to me,1156,4.9,129
cartoon,"I will do unique attractive mascot, character or cartoon logo",1926,4.9,168
cartoon,I will design custom mascot and cartoon character,3081,4.9,346
cartoon,I will draw any anime manga cartoon style illustration,1926,4.8,676
cartoon,I will draw you as a cartoon with rick and morty style,1156,5,40
cartoon,I will illustrate original character cartoon concept art object,386,5,53
cartoon,I will draw a stylish cartoon character for you,1541,5,558
cartoon,I will draw a portrait in disney cartoon style,3466,5,35
cartoon,"I will animate any cartoon character, create 2d animated video",19641,5,19
cartoon,I will make cartoon caricature or bobbleheads from your photo,771,5,635
cartoon,I will do cartoon caricature podcast cover art,3852,5,19
cartoon,I will design your super hero cartoon avatar in 24 hours,771,5,179
cartoon,I will create cute cartoon avatar from your photo,1156,4.9,202
cartoon,"I will draw any cartoons, characters,mascot and vector art",1156,4.9,96
cartoon,I will create new yorker stylish cartoon,1156,5,31
cartoon,I will create a political cartoon or editorial illustration,2696,4.9,63
cartoon,I will make eyecatching cartoon tshirt design for merch or brand,3081,4.9,122
cartoon,I will do t shirt design with my cartoon style,4622,5,950
cartoon,I will draw and design a creative cartoon illustration for your album cover art,3081,5,87
cartoon,I will make 3d pop art cartoon with special style,1541,5,103
cartoon,I will illustrate your editorial or political cartoon idea,11554,5,34
cartoon,"I will do cartoon character  mascot logo design for business, brand",1926,4.9,192
cartoon,I will make special cartoon mascot character,1926,4.9,581
